<?xml version="1.0" encoding="UTF-8"?><rss version="2.0"
	xmlns:content="http://purl.org/rss/1.0/modules/content/"
	xmlns:dc="http://purl.org/dc/elements/1.1/"
	xmlns:atom="http://www.w3.org/2005/Atom"
	xmlns:sy="http://purl.org/rss/1.0/modules/syndication/"
	
	>
<channel>
	<title>
	ความเห็นสำหรับ SUTมื้อนี้กินอะไรดี	</title>
	<atom:link href="./index.html" rel="self" type="application/rss+xml" />
	<link>./../../index.html</link>
	<description>เว็บไซต์รวบรวมร้านเด็ดรอบมทส</description>
	<lastBuildDate>Mon, 04 Jul 2022 17:03:21 +0000</lastBuildDate>
	<sy:updatePeriod>
	hourly	</sy:updatePeriod>
	<sy:updateFrequency>
	1	</sy:updateFrequency>
	<generator>https://wordpress.org/?v=6.0</generator>
</channel>
</rss>
