<?xml version="1.0" encoding="UTF-8"?><rss version="2.0"
	xmlns:content="http://purl.org/rss/1.0/modules/content/"
	xmlns:wfw="http://wellformedweb.org/CommentAPI/"
	xmlns:dc="http://purl.org/dc/elements/1.1/"
	xmlns:atom="http://www.w3.org/2005/Atom"
	xmlns:sy="http://purl.org/rss/1.0/modules/syndication/"
	xmlns:slash="http://purl.org/rss/1.0/modules/slash/"
	>

<channel>
	<title>admin &#8211; SUTมื้อนี้กินอะไรดี</title>
	<atom:link href="./index.html" rel="self" type="application/rss+xml" />
	<link>./../../../index.html</link>
	<description>เว็บไซต์รวบรวมร้านเด็ดรอบมทส</description>
	<lastBuildDate>Mon, 04 Jul 2022 16:41:58 +0000</lastBuildDate>
	<language>th</language>
	<sy:updatePeriod>
	hourly	</sy:updatePeriod>
	<sy:updateFrequency>
	1	</sy:updateFrequency>
	<generator>https://wordpress.org/?v=6.0</generator>
	<item>
		<title>ร้านใหม่น่าลอง !!!</title>
		<link>./../../../2022/06/28/%e0%b8%a3%e0%b9%89%e0%b8%b2%e0%b8%99%e0%b8%ad%e0%b8%b2%e0%b8%ab%e0%b8%b2%e0%b8%a3%e0%b8%9b%e0%b8%a3%e0%b8%b0%e0%b8%95%e0%b8%b91/index.html</link>
					<comments>./../../../2022/06/28/%e0%b8%a3%e0%b9%89%e0%b8%b2%e0%b8%99%e0%b8%ad%e0%b8%b2%e0%b8%ab%e0%b8%b2%e0%b8%a3%e0%b8%9b%e0%b8%a3%e0%b8%b0%e0%b8%95%e0%b8%b91/index.html#respond</comments>
		
		<dc:creator><![CDATA[admin]]></dc:creator>
		<pubDate>Tue, 28 Jun 2022 05:40:34 +0000</pubDate>
				<category><![CDATA[ไม่มีหมวดหมู่]]></category>
		<guid isPermaLink="false">./../../../index.html?p=98</guid>

					<description><![CDATA[ม็อกจา &#8211; 먹자 มทส. ประตู 1 ร้านม็อกจา MEOGJAร้านอาห<span class="post-excerpt-end">&#8230;</span><p class="more-link"><a href="./../../../2022/06/28/%e0%b8%a3%e0%b9%89%e0%b8%b2%e0%b8%99%e0%b8%ad%e0%b8%b2%e0%b8%ab%e0%b8%b2%e0%b8%a3%e0%b8%9b%e0%b8%a3%e0%b8%b0%e0%b8%95%e0%b8%b91/index.html" class="themebutton">Read More</a></p>]]></description>
										<content:encoded><![CDATA[
<p class="has-large-font-size"><strong>ม็อกจา &#8211; 먹자 มทส. ประตู 1</strong></p>



<div class="wp-block-media-text alignwide is-stacked-on-mobile"><figure class="wp-block-media-text__media"><img loading="lazy" width="960" height="960" src="./../../../wp-content/uploads/2022/06/279552241_123550786956690_8315205669769788620_n.jpg" alt="" class="wp-image-105 size-full"/></figure><div class="wp-block-media-text__content">
<p class="has-medium-font-size">ร้านม็อกจา MEOGJA<br>ร้านอาหารสไตล์เกาหลี เกาใจ<br>มีให้เลือกหลากหลายเมนู<br>บรรยากาศน่านั่ง เหมือนยกเกาหลีมา<br>พิกัด : หลังตลาดวงเวียนประตู 1<br>เมนูแนะนำ : ซี่โครงหมูบาร์บีคิว หม้อไฟเกาหลี<br>เบอร์โทรศัพท์ : 096-3599366<br>Facebook : ม็อกจา &#8211; 먹자 มทส. ประตู 1</p>



<p><strong>เพจร้าน : ม็อกจา &#8211; </strong>먹자<strong> มทส. ประตู 1</strong><strong></strong></p>



<p><a href="https://www.facebook.com/meogjaatsut">https://www.facebook.com/meogjaatsut</a></p>



<p><strong>GPS ไปยังร้าน :</strong><strong></strong></p>



<p><a href="https://goo.gl/maps/WiMqye2rvSvae3DW9">https://goo.gl/maps/WiMqye2rvSvae3DW9</a></p>
</div></div>



<figure class="wp-container-2 wp-block-gallery-1 wp-block-gallery has-nested-images columns-default is-cropped">
<figure class="wp-block-image size-large"><img loading="lazy" width="1034" height="1293" data-id="107"  src="./../../../wp-content/uploads/2022/06/289325215_137885958856506_8351274148978105740_n.jpg" alt="" class="wp-image-107"/></figure>



<figure class="wp-block-image size-large"><img loading="lazy" width="828" height="1440" data-id="108"  src="./../../../wp-content/uploads/2022/06/290549999_139096605402108_8653476741228946937_n.jpg" alt="" class="wp-image-108"/></figure>
</figure>
]]></content:encoded>
					
					<wfw:commentRss>./../../../2022/06/28/%e0%b8%a3%e0%b9%89%e0%b8%b2%e0%b8%99%e0%b8%ad%e0%b8%b2%e0%b8%ab%e0%b8%b2%e0%b8%a3%e0%b8%9b%e0%b8%a3%e0%b8%b0%e0%b8%95%e0%b8%b91/feed/index.html</wfw:commentRss>
			<slash:comments>0</slash:comments>
		
		
			</item>
	</channel>
</rss>
